[
    {
      "id": "1",
      "image":"/src/image/mesa.jpg",
      "name": "mesa",
      "price": 100000,
      "description":"sdfsdfsfd"
    },
    {
      "id": "2",
      "image":"/src/image/cpu.jpg",
      "name": "cpu",
      "price": 500000,
      "description":"sdfsdfsfd"
    },
    {
      "id": "3",
      "image":"/src/image/tecladoymouse.jpg",
      "name": "Teclado y mouse",
      "price": 500000,
      "description":"sdfsdfsfd"
    },
    {
      "id": "4",
      "image":"/src/image/termo.jpg",
      "name": "Termo",
      "price": 50000,
      "description":"sdfsdfsfd"
    },
    {
      "id":"5",
      "image":"/src/image/compu.jpg",
      "name": "notebook",
      "price": 2000000,
      "description":"sdfsdfsfd"
    }
  ]